algorithm,instance,objective_value,path_length,node_costs,computation_time_ms,selected_nodes,total_nodes
HEA_OPERATOR_1_LS_pop20_TWO_OPT,TSPB,43536,19090,24446,1422,100,200
HEA_OPERATOR_1_LS_pop20_TWO_OPT,TSPB,43971,19844,24127,625,100,200
HEA_OPERATOR_1_LS_pop20_TWO_OPT,TSPB,43456,19589,23867,2118,100,200
HEA_OPERATOR_1_LS_pop20_TWO_OPT,TSPB,43458,19066,24392,1203,100,200
HEA_OPERATOR_1_LS_pop20_TWO_OPT,TSPB,43563,19910,23653,1085,100,200
HEA_OPERATOR_1_LS_pop20_TWO_OPT,TSPB,43642,19826,23816,1454,100,200
HEA_OPERATOR_1_LS_pop20_TWO_OPT,TSPB,43561,19760,23801,1666,100,200
HEA_OPERATOR_1_LS_pop20_TWO_OPT,TSPB,43559,19572,23987,2265,100,200
HEA_OPERATOR_1_LS_pop20_TWO_OPT,TSPB,43492,19304,24188,1968,100,200
HEA_OPERATOR_1_LS_pop20_TWO_OPT,TSPB,43596,19864,23732,1531,100,200
HEA_OPERATOR_1_LS_pop20_TWO_OPT,TSPB,43536,19229,24307,1869,100,200
HEA_OPERATOR_1_LS_pop20_TWO_OPT,TSPB,43496,19450,24046,1622,100,200
HEA_OPERATOR_1_LS_pop20_TWO_OPT,TSPB,43524,19757,23767,2058,100,200
HEA_OPERATOR_1_LS_pop20_TWO_OPT,TSPB,43524,19757,23767,1547,100,200
HEA_OPERATOR_1_LS_pop20_TWO_OPT,TSPB,43611,19348,24263,2035,100,200
HEA_OPERATOR_1_LS_pop20_TWO_OPT,TSPB,43520,19743,23777,1784,100,200
HEA_OPERATOR_1_LS_pop20_TWO_OPT,TSPB,43456,19589,23867,1399,100,200
HEA_OPERATOR_1_LS_pop20_TWO_OPT,TSPB,43581,19871,23710,2269,100,200
HEA_OPERATOR_1_LS_pop20_TWO_OPT,TSPB,43561,19928,23633,1542,100,200
HEA_OPERATOR_1_LS_pop20_TWO_OPT,TSPB,43526,19645,23881,1397,100,200
HEA_OPERATOR_2_LS_pop20_TWO_OPT,TSPB,43981,19077,24904,12201,100,200
HEA_OPERATOR_2_LS_pop20_TWO_OPT,TSPB,44391,19495,24896,10344,100,200
HEA_OPERATOR_2_LS_pop20_TWO_OPT,TSPB,43780,19499,24281,14604,100,200
HEA_OPERATOR_2_LS_pop20_TWO_OPT,TSPB,44130,20208,23922,11347,100,200
HEA_OPERATOR_2_LS_pop20_TWO_OPT,TSPB,44155,20115,24040,11311,100,200
HEA_OPERATOR_2_LS_pop20_TWO_OPT,TSPB,44821,19854,24967,9953,100,200
HEA_OPERATOR_2_LS_pop20_TWO_OPT,TSPB,43992,19965,24027,11758,100,200
HEA_OPERATOR_2_LS_pop20_TWO_OPT,TSPB,44341,20031,24310,9828,100,200
HEA_OPERATOR_2_LS_pop20_TWO_OPT,TSPB,44032,20356,23676,13456,100,200
HEA_OPERATOR_2_LS_pop20_TWO_OPT,TSPB,44001,19285,24716,15563,100,200
HEA_OPERATOR_2_LS_pop20_TWO_OPT,TSPB,43866,19677,24189,14221,100,200
HEA_OPERATOR_2_LS_pop20_TWO_OPT,TSPB,44163,19913,24250,11933,100,200
HEA_OPERATOR_2_LS_pop20_TWO_OPT,TSPB,44086,20340,23746,13637,100,200
HEA_OPERATOR_2_LS_pop20_TWO_OPT,TSPB,44612,20240,24372,13154,100,200
HEA_OPERATOR_2_LS_pop20_TWO_OPT,TSPB,44353,19808,24545,11162,100,200
HEA_OPERATOR_2_LS_pop20_TWO_OPT,TSPB,43842,19321,24521,11512,100,200
HEA_OPERATOR_2_LS_pop20_TWO_OPT,TSPB,44633,19597,25036,10677,100,200
HEA_OPERATOR_2_LS_pop20_TWO_OPT,TSPB,43959,18982,24977,12167,100,200
HEA_OPERATOR_2_LS_pop20_TWO_OPT,TSPB,44810,19877,24933,11151,100,200
HEA_OPERATOR_2_LS_pop20_TWO_OPT,TSPB,44347,19860,24487,18218,100,200
HEA_OPERATOR_2_noLS_pop20_TWO_OPT,TSPB,44721,20501,24220,33134,100,200
HEA_OPERATOR_2_noLS_pop20_TWO_OPT,TSPB,44423,19965,24458,44372,100,200
HEA_OPERATOR_2_noLS_pop20_TWO_OPT,TSPB,44260,19358,24902,35384,100,200
HEA_OPERATOR_2_noLS_pop20_TWO_OPT,TSPB,45071,19788,25283,28441,100,200
HEA_OPERATOR_2_noLS_pop20_TWO_OPT,TSPB,44136,19601,24535,110516,100,200
HEA_OPERATOR_2_noLS_pop20_TWO_OPT,TSPB,44642,20980,23662,40280,100,200
HEA_OPERATOR_2_noLS_pop20_TWO_OPT,TSPB,45126,20843,24283,58055,100,200
HEA_OPERATOR_2_noLS_pop20_TWO_OPT,TSPB,44616,19732,24884,68707,100,200
HEA_OPERATOR_2_noLS_pop20_TWO_OPT,TSPB,44053,20083,23970,29605,100,200
HEA_OPERATOR_2_noLS_pop20_TWO_OPT,TSPB,45005,20714,24291,50340,100,200
HEA_OPERATOR_2_noLS_pop20_TWO_OPT,TSPB,45004,21574,23430,34061,100,200
HEA_OPERATOR_2_noLS_pop20_TWO_OPT,TSPB,44568,19332,25236,27498,100,200
HEA_OPERATOR_2_noLS_pop20_TWO_OPT,TSPB,44196,20032,24164,37604,100,200
HEA_OPERATOR_2_noLS_pop20_TWO_OPT,TSPB,44502,20149,24353,34079,100,200
HEA_OPERATOR_2_noLS_pop20_TWO_OPT,TSPB,44414,19327,25087,50080,100,200
HEA_OPERATOR_2_noLS_pop20_TWO_OPT,TSPB,45022,21136,23886,38286,100,200
HEA_OPERATOR_2_noLS_pop20_TWO_OPT,TSPB,44474,20293,24181,34311,100,200
HEA_OPERATOR_2_noLS_pop20_TWO_OPT,TSPB,44997,20836,24161,29777,100,200
HEA_OPERATOR_2_noLS_pop20_TWO_OPT,TSPB,43977,19605,24372,35000,100,200
HEA_OPERATOR_2_noLS_pop20_TWO_OPT,TSPB,44096,19622,24474,63683,100,200
